{
  "environment": "vanilla",
  "instruction_agent": {
    "type": "learned",
    "policy": {
      "type": "recurrent",
      "epsilon_schedule": {
        "begin": 1.0,
        "end": 0.01,
        "total_steps": 50000
      },
      "embedder": {
        "type": "instruction",
        "obs_embedder": {
          "embed_dim": 64
        },
        "instruction_embedder": {
          "embed_dim": 64
        },
        "transition_embedder": {
          "state_embed_dim": 64,
          "action_embed_dim": 32,
          "embed_dim": 64
        },
        "trajectory_embedder": {
          "type": "ours",
          "penalty": 0.1
        },
        "attention_query_dim": 64,
        "embed_dim": 64
      },
      "test_epsilon": 0,
      "discount": 0.99
    },
    "buffer": {
      "type": "sequential",
      "max_buffer_size": 16000,
      "sequence_length": 50
    },
    "learning_rate": 0.0001,
    "sync_target_freq": 2500,
    "min_buffer_size": 500,
    "batch_size": 32,
    "update_freq": 4,
    "max_grad_norm": 10
  },
  "exploration_agent": {
    "type": "learned",
    "policy": {
      "type": "recurrent",
      "epsilon_schedule": {
        "begin": 1.0,
        "end": 0.01,
        "total_steps": 50000
      },
      "embedder": {
        "type": "recurrent",
        "experience_embedder": {
          "state_embed_dim": 64,
          "action_embed_dim": 16,
          "embed_dim": 64
        },
        "embed_dim": 64
      },
      "test_epsilon": 0,
      "discount": 0.99
    },
    "buffer": {
      "type": "sequential",
      "max_buffer_size": 16000,
      "sequence_length": 50
    },
    "learning_rate": 0.0001,
    "sync_target_freq": 2500,
    "min_buffer_size": 2000,
    "batch_size": 32,
    "update_freq": 4,
    "max_grad_norm": 10
  }
}
