<mujoco model="Swimmer">
  <include file="../common.xml" />
  <include file="swimmer.xml" />

  <custom>
    <numeric name="agent_planner" data="2" />
    <numeric name="agent_horizon" data="2" />
    <numeric name="agent_timestep" data="0.01" />
    <numeric name="agent_integrator" data="2" />
    <numeric name="agent_sample_width" data="0.001" />
    <numeric name="agent_policy_width" data="0.0015" />
    <numeric name="sampling_spline_points" data="10" />
    <numeric name="sampling_exploration" data="0.05" />
    <numeric name="gradient_spline_points" data="10" />
  </custom>

  <worldbody>
    <body name="target" mocap="true" pos="1 1 .05">
      <geom name="target" type="sphere" size="0.05" material="target"/>
      <light name="target_light" diffuse=".7 .7 .7" pos="0 0 0.5"/>
    </body>
  </worldbody>

  <sensor>
    <user name="Control" dim="5" user="0 0.1 0 1" />
    <user name="Distance" dim="2" user="2 10 0 10 0.04" />
    <framepos name="trace0" objtype="geom" objname="nose"/>
    <framepos name="nose" objtype="geom" objname="nose"/>
    <framepos name="target" objtype="body" objname="target"/>
  </sensor>
</mujoco>
